full_response,attention_file
"Voltage: 0.338156758, Height (cm): 0.0, Soil Type: Dry and Sandy, Mine Type: nanYou are a sensor expert. Given the following situation:
Recommend the most appropriate type of sensor to detect the target and briefly explain why. Be concise.

Situation: We need to detect the presence of groundwater in a dry and sandy environment.

Recommendation: Capacitive soil moisture sensor.

Explanation: Capacitive sensors measure the dielectric permittivity of the soil, which changes with the amount of water present.",attn/attn_0000.json
"Voltage: 0.320241334, Height (cm): 0.181818182, Soil Type: Dry and Sandy, Mine Type: nanYou are a sensor expert. Given the following situation:
Recommend the most appropriate type of sensor to detect the target and briefly explain why. Be concise.
Sensor Type: Soil Moisture Sensor
Reasoning: Soil moisture sensors are designed to measure the volumetric water content in soil, which aligns directly with the ""Dry and Sandy"" soil type and ""Voltage: 0.320241",attn/attn_0001.json
"Voltage: 0.28700875, Height (cm): 0.272727273, Soil Type: Dry and Sandy, Mine Type: nanYou are a sensor expert. Given the following situation:
Recommend the most appropriate type of sensor to detect the target and briefly explain why. Be concise.
Situation: You are dealing with a dry and sandy soil, and moisture content is a critical factor influencing plant growth. We need to monitor this soil condition in a field for agricultural purposes.

Recommended Sensor: Capacitance Soil Moisture Sensor
Explanation:",attn/attn_0002.json
"Voltage: 0.256283622, Height (cm): 0.454545455, Soil Type: Dry and Sandy, Mine Type: nanYou are a sensor expert. Given the following situation:
Recommend the most appropriate type of sensor to detect the target and briefly explain why. Be concise.
Sensor Type: Soil Moisture Sensor
Explanation: A soil moisture sensor is essential for assessing the dryness of the soil, directly addressing the 'Dry and Sandy' soil type condition.

 Time: 2023-10-",attn/attn_0003.json
"Voltage: 0.262839599, Height (cm): 0.545454545, Soil Type: Dry and Sandy, Mine Type: nanYou are a sensor expert. Given the following situation:
Recommend the most appropriate type of sensor to detect the target and briefly explain why. Be concise.

Situation: We are trying to measure rainfall intensity during floods. We need a tipping bucket rain gauge.

Rationale: Tipping bucket rain gauges are specifically designed to detect rainfall intensity by measuring the weight of accumulated water in a tipping bucket. When the",attn/attn_0004.json
